attack_ix,family,cond,dist_from_tool_ref,proj_user,proj_cot,proj_assistant,proj_system
0,forgery,none,787.8223876953125,247.34254455566406,-969.0349731445312,-588.6862182617188,645.4644775390625
0,forgery,restore_role,1.2869271039962769,604.9933471679688,-1477.6429443359375,-1145.5416259765625,961.3438720703125
0,forgery,restore_random_MM,739.5270385742188,246.3264923095703,-983.5632934570312,-612.7129516601562,634.9983520507812
0,forgery,clamp_system_L8,641.053955078125,387.8507080078125,-1073.506103515625,-737.673828125,748.9981689453125
1,forgery,none,751.7473754882812,298.6182556152344,-1005.9547119140625,-639.427978515625,684.086669921875
1,forgery,restore_role,1.2934458255767822,605.0319213867188,-1477.555419921875,-1145.5086669921875,961.3154907226562
1,forgery,restore_random_MM,709.1995239257812,284.6331787109375,-1015.4133911132812,-654.5426635742188,666.7674560546875
1,forgery,clamp_system_L8,598.1356811523438,450.8225402832031,-1125.985107421875,-798.0798950195312,806.4965209960938
2,forgery,none,802.7072143554688,246.8512420654297,-958.0076293945312,-578.3212280273438,643.19482421875
2,forgery,restore_role,1.2264858484268188,605.0309448242188,-1477.6400146484375,-1145.5374755859375,961.3590087890625
2,forgery,restore_random_MM,754.6282348632812,234.5789794921875,-968.666015625,-597.6799926757812,624.6788940429688
2,forgery,clamp_system_L8,656.26025390625,386.7671203613281,-1064.7384033203125,-728.0379028320312,747.4522094726562
7,forgery,none,668.4539184570312,434.6503601074219,-1153.4459228515625,-804.2903442382812,790.5181274414062
7,forgery,restore_role,1.2059309482574463,604.9461059570312,-1477.5733642578125,-1145.482666015625,961.284423828125
7,forgery,restore_random_MM,646.3173217773438,381.12213134765625,-1137.16015625,-777.2108764648438,741.9108276367188
7,forgery,clamp_system_L8,500.57177734375,587.3602905273438,-1274.434326171875,-959.6221923828125,918.0945434570312
8,forgery,none,704.0842895507812,383.08184814453125,-1102.5687255859375,-756.897216796875,739.9674072265625
8,forgery,restore_role,1.2329285144805908,605.0523071289062,-1477.571044921875,-1145.5078125,961.3373413085938
8,forgery,restore_random_MM,681.71142578125,306.8203430175781,-1057.6158447265625,-694.9733276367188,681.2952270507812
8,forgery,clamp_system_L8,543.1976928710938,533.2669677734375,-1218.226806640625,-905.8632202148438,864.7990112304688
10,forgery,none,549.1569213867188,637.1763305664062,-1303.3597412109375,-1000.3276977539062,943.7411499023438
10,forgery,restore_role,1.1957001686096191,605.0176391601562,-1477.5631103515625,-1145.5198974609375,961.314208984375
10,forgery,restore_random_MM,500.4600524902344,647.6177978515625,-1319.1483154296875,-1023.1485595703125,954.01123046875
10,forgery,clamp_system_L8,496.3461608886719,667.1456298828125,-1337.0035400390625,-1040.6649169921875,965.8350219726562
13,forgery,none,687.230712890625,358.6452331542969,-1093.596923828125,-731.6336059570312,726.279296875
13,forgery,restore_role,1.250335454940796,605.0557861328125,-1477.6416015625,-1145.5675048828125,961.3701171875
13,forgery,restore_random_MM,616.1809692382812,386.46466064453125,-1134.76513671875,-783.5888671875,746.7974243164062
13,forgery,clamp_system_L8,539.7943115234375,460.0416564941406,-1173.84814453125,-840.1815795898438,804.4029541015625
14,forgery,none,702.4964599609375,319.1071472167969,-1055.054931640625,-690.4141235351562,691.7290649414062
14,forgery,restore_role,1.2285364866256714,604.98388671875,-1477.639404296875,-1145.527099609375,961.3523559570312
14,forgery,restore_random_MM,659.8898315429688,324.48565673828125,-1073.89501953125,-713.0631103515625,694.760009765625
14,forgery,clamp_system_L8,611.8153686523438,345.2561340332031,-1078.2369384765625,-727.0302124023438,705.3334350585938
16,prefix,none,403.5741882324219,883.094970703125,-1617.0562744140625,-1296.01123046875,1230.7689208984375
16,prefix,restore_role,1.275588870048523,605.021240234375,-1477.5745849609375,-1145.5025634765625,961.3357543945312
16,prefix,restore_random_MM,365.5682067871094,845.563232421875,-1591.36669921875,-1271.1505126953125,1188.828857421875
16,prefix,clamp_system_L8,363.8410339355469,843.1179809570312,-1582.8153076171875,-1268.251220703125,1178.5732421875
28,prefix,none,406.1241149902344,824.5894775390625,-1567.1368408203125,-1229.9434814453125,1170.228759765625
28,prefix,restore_role,1.2430227994918823,605.0667724609375,-1477.64453125,-1145.5848388671875,961.3579711914062
28,prefix,restore_random_MM,380.913818359375,797.8631591796875,-1547.8763427734375,-1215.3468017578125,1140.9232177734375
28,prefix,clamp_system_L8,367.92669677734375,754.4189453125,-1507.9364013671875,-1176.2835693359375,1086.627685546875
30,prefix,none,441.5435485839844,915.2225341796875,-1641.272705078125,-1306.9755859375,1245.7373046875
30,prefix,restore_role,1.2685208320617676,605.1658935546875,-1477.760986328125,-1145.65966796875,961.5074462890625
30,prefix,restore_random_MM,391.6300354003906,869.3037109375,-1613.819580078125,-1285.1395263671875,1204.677490234375
30,prefix,clamp_system_L8,392.77734375,860.8872680664062,-1598.8477783203125,-1271.8458251953125,1179.337646484375
32,prefix,none,413.11993408203125,879.8035888671875,-1607.9771728515625,-1280.4144287109375,1229.1900634765625
32,prefix,restore_role,1.2353384494781494,605.0436401367188,-1477.58154296875,-1145.55859375,961.3154296875
32,prefix,restore_random_MM,382.8525695800781,849.3087768554688,-1590.62939453125,-1266.998046875,1198.22314453125
32,prefix,clamp_system_L8,364.03778076171875,818.2745971679688,-1559.6915283203125,-1235.5142822265625,1155.0296630859375
34,prefix,none,408.0311584472656,873.3040161132812,-1607.1424560546875,-1279.2308349609375,1217.4786376953125
34,prefix,restore_role,1.2108674049377441,605.0189819335938,-1477.5782470703125,-1145.5184326171875,961.322509765625
34,prefix,restore_random_MM,368.4991149902344,836.2468872070312,-1581.5281982421875,-1257.1212158203125,1178.578125
34,prefix,clamp_system_L8,370.7279968261719,823.3887329101562,-1568.8841552734375,-1244.513427734375,1156.8284912109375
35,prefix,none,401.4092712402344,848.15234375,-1570.8433837890625,-1249.2664794921875,1193.504638671875
35,prefix,restore_role,1.2580665349960327,605.066650390625,-1477.612060546875,-1145.572998046875,961.3731689453125
35,prefix,restore_random_MM,369.68023681640625,818.8980102539062,-1552.5078125,-1235.5799560546875,1161.819580078125
35,prefix,clamp_system_L8,363.3897399902344,789.7348022460938,-1528.6708984375,-1211.4580078125,1124.210205078125
37,prefix,none,435.0628662109375,877.609130859375,-1615.7872314453125,-1274.9010009765625,1223.6297607421875
37,prefix,restore_role,1.260822057723999,605.1453247070312,-1477.7333984375,-1145.654541015625,961.4560546875
37,prefix,restore_random_MM,385.35205078125,833.7464599609375,-1595.856201171875,-1255.602294921875,1184.3743896484375
37,prefix,clamp_system_L8,377.9178161621094,807.2461547851562,-1560.9361572265625,-1225.5283203125,1142.8424072265625
38,prefix,none,391.80145263671875,831.2344970703125,-1558.1513671875,-1238.082275390625,1183.1480712890625
38,prefix,restore_role,1.1352125406265259,605.085693359375,-1477.7177734375,-1145.618896484375,961.4139404296875
38,prefix,restore_random_MM,378.8418884277344,814.1407470703125,-1541.8150634765625,-1229.18701171875,1163.696533203125
38,prefix,clamp_system_L8,335.8276672363281,746.4251708984375,-1492.8905029296875,-1174.82861328125,1090.1123046875
